id,focus,signal,slack,drag,confidence,score,lane,kind,invariant
g001,schema drift,63,12,5,58,302,ship,baseline,monotonic-signal
g002,lineage depth,53,15,28,91,272,ship,edge,drag-penalty
g003,partition skew,52,19,41,53,158,watch,recovery,confidence-floor
g004,quality gap,99,23,28,97,430,ship,negative,lane-boundary
g005,schema drift,82,63,23,38,316,ship,baseline,monotonic-signal
g006,lineage depth,77,50,22,99,413,ship,edge,drag-penalty
g007,partition skew,34,11,44,48,77,hold,recovery,confidence-floor
g008,quality gap,60,64,15,27,253,ship,negative,lane-boundary
g009,schema drift,76,23,44,64,247,ship,baseline,monotonic-signal
g010,lineage depth,44,40,18,44,206,ship,edge,drag-penalty
g011,partition skew,75,51,27,38,271,ship,recovery,confidence-floor
g012,quality gap,50,24,12,40,218,ship,negative,lane-boundary
g013,schema drift,41,48,15,45,216,ship,baseline,monotonic-signal
g014,lineage depth,40,63,9,52,260,ship,edge,drag-penalty
g015,partition skew,87,38,8,103,481,ship,recovery,confidence-floor
g016,quality gap,114,28,9,90,523,ship,negative,lane-boundary
g017,schema drift,87,25,32,45,280,ship,baseline,monotonic-signal
g018,lineage depth,77,26,45,70,262,ship,edge,drag-penalty
g019,partition skew,32,64,32,87,238,ship,recovery,confidence-floor
g020,quality gap,57,16,6,57,283,ship,negative,lane-boundary
g021,schema drift,73,64,36,90,355,ship,baseline,monotonic-signal
g022,lineage depth,84,56,32,52,316,ship,edge,drag-penalty
g023,partition skew,93,54,31,96,432,ship,recovery,confidence-floor
g024,quality gap,57,21,32,37,170,watch,negative,lane-boundary
g025,schema drift,43,47,13,98,333,ship,baseline,monotonic-signal
g026,lineage depth,39,57,26,47,190,ship,edge,drag-penalty
g027,partition skew,85,30,13,26,298,ship,recovery,confidence-floor
g028,quality gap,67,19,8,63,322,ship,negative,lane-boundary
g029,schema drift,62,16,7,43,267,ship,baseline,monotonic-signal
g030,lineage depth,107,17,29,37,325,ship,edge,drag-penalty
g031,partition skew,45,20,42,39,107,hold,recovery,confidence-floor
g032,quality gap,104,24,29,44,337,ship,negative,lane-boundary
g033,schema drift,94,28,45,51,277,ship,baseline,monotonic-signal
g034,lineage depth,93,68,12,102,515,ship,edge,drag-penalty
g035,partition skew,52,55,39,89,272,ship,recovery,confidence-floor
g036,quality gap,35,16,42,44,83,hold,negative,lane-boundary
g037,schema drift,30,69,36,69,189,ship,baseline,monotonic-signal
g038,lineage depth,75,28,35,86,320,ship,edge,drag-penalty
g039,partition skew,101,45,36,56,352,ship,recovery,confidence-floor
g040,quality gap,117,56,17,89,534,ship,negative,lane-boundary
g041,schema drift,85,29,30,51,296,ship,baseline,monotonic-signal
g042,lineage depth,116,53,17,95,540,ship,edge,drag-penalty
g043,partition skew,91,68,33,36,314,ship,recovery,confidence-floor
g044,quality gap,82,43,21,97,420,ship,negative,lane-boundary
g045,schema drift,81,33,17,46,317,ship,baseline,monotonic-signal
g046,lineage depth,40,30,16,25,152,watch,edge,drag-penalty
g047,partition skew,67,31,17,62,305,ship,recovery,confidence-floor
g048,quality gap,40,69,40,42,153,watch,negative,lane-boundary
g049,schema drift,30,21,11,36,150,watch,baseline,monotonic-signal
g050,lineage depth,73,69,40,38,244,ship,edge,drag-penalty
g051,partition skew,98,61,35,43,336,ship,recovery,confidence-floor
g052,quality gap,114,59,34,50,399,ship,negative,lane-boundary
g053,schema drift,37,26,14,101,297,ship,baseline,monotonic-signal
g054,lineage depth,46,52,27,88,285,ship,edge,drag-penalty
g055,partition skew,98,62,14,43,400,ship,recovery,confidence-floor
g056,quality gap,84,35,30,68,333,ship,negative,lane-boundary
g057,schema drift,80,24,39,85,317,ship,baseline,monotonic-signal
g058,lineage depth,38,21,24,55,173,watch,edge,drag-penalty
g059,partition skew,108,22,27,88,441,ship,recovery,confidence-floor
g060,quality gap,103,25,21,50,371,ship,negative,lane-boundary
g061,schema drift,60,29,20,94,337,ship,baseline,monotonic-signal
g062,lineage depth,86,33,21,35,298,ship,edge,drag-penalty
g063,partition skew,57,73,44,96,304,ship,recovery,confidence-floor
g064,quality gap,47,60,15,45,246,ship,negative,lane-boundary
g065,schema drift,46,21,44,24,75,hold,baseline,monotonic-signal
g066,lineage depth,93,74,18,61,421,ship,edge,drag-penalty
g067,partition skew,76,33,6,41,325,ship,recovery,confidence-floor
g068,quality gap,71,50,44,35,201,ship,negative,lane-boundary
g069,schema drift,116,61,43,37,354,ship,baseline,monotonic-signal
g070,lineage depth,54,34,44,42,148,watch,edge,drag-penalty
g071,partition skew,70,58,25,49,291,ship,recovery,confidence-floor
g072,quality gap,38,73,38,100,273,ship,negative,lane-boundary
g073,schema drift,69,48,25,87,354,ship,baseline,monotonic-signal
g074,lineage depth,44,38,20,42,194,ship,edge,drag-penalty
g075,partition skew,35,35,19,67,217,ship,recovery,confidence-floor
g076,quality gap,34,36,41,84,183,ship,negative,lane-boundary
g077,schema drift,81,74,12,54,389,ship,baseline,monotonic-signal
g078,lineage depth,108,26,41,87,401,ship,edge,drag-penalty
g079,partition skew,81,74,15,49,370,ship,recovery,confidence-floor
g080,quality gap,71,66,24,93,393,ship,negative,lane-boundary
g081,schema drift,114,64,9,34,447,ship,baseline,monotonic-signal
g082,lineage depth,51,31,12,95,338,ship,edge,drag-penalty
g083,partition skew,67,57,6,44,328,ship,recovery,confidence-floor
g084,quality gap,78,67,5,23,332,ship,negative,lane-boundary
g085,schema drift,87,40,6,60,403,ship,baseline,monotonic-signal
g086,lineage depth,51,29,29,40,175,watch,edge,drag-penalty
g087,partition skew,37,26,42,34,79,hold,recovery,confidence-floor
g088,quality gap,33,27,29,36,111,hold,negative,lane-boundary
g089,schema drift,79,30,45,41,214,ship,baseline,monotonic-signal
g090,lineage depth,61,34,33,48,214,ship,edge,drag-penalty
g091,partition skew,56,38,29,99,317,ship,recovery,confidence-floor
g092,quality gap,101,8,28,86,399,ship,negative,lane-boundary
g093,schema drift,39,65,29,41,177,ship,baseline,monotonic-signal
g094,lineage depth,98,26,10,66,422,ship,edge,drag-penalty
g095,partition skew,88,9,23,83,370,ship,recovery,confidence-floor
g096,quality gap,87,38,10,53,375,ship,negative,lane-boundary
